Source,Source2,Exposure,Plant,N,Medazepam,clominorex,bupropion,Bupranolol,"3-(3,4-dichlorobenzyl)-4H-1-benzothiin-4-one","2,4-DB","2,4-Diamino-6-chloropyrimidine",Imidazole + Cl*,"4-(4-chlorophenoxy)-3,5-dimethyl-1H-pyrazole",4-CPA,ciproximide,seclazone,H-?-Chloro-Ala-OH,doxefazepam,cloxyquin,Metolazone,AE1300200,Moclobemide,N1-(3-chlorophenyl)acetamide,DG6650000,Arecoline + 2Cl*,2-Chlorobenzoic acid,Arecoline + 3Cl*,Valine + 2Cl*,Guanine + Cl*,Histamine + Cl*,"2-chloro-1,3,8-trihydroxy-6-(hydroxymethyl)-9,10-dihydroanthracene-9,10-dione",Val-Phe + Cl*,Ethychlozate,Guvacine + 2Cl*,"(1S,2R,3S,5S,6S,16E,18E,20R,21S)-11-Chloro-21-hydroxy-12,20-dimethoxy-2,5,16-trimethyl-8,23-dioxo-4,24-dioxa-9,22-diazatetracyclo[19.3.1.1~10,14~.0~3,5~]hexacosa-10(26),11,13,16,18-pentaen-6-yl 2-meth
ylpropanoate","1-Methyl-1,4-dihydronicotinamide + Cl*",N2-(4-chlorophenyl)thiophene-2-carboxamide,6-Chlorotryptophan,Chlortoluron,AL8225000,Carmustine,"2-Chloro-N-(2,6-diethylphenyl)acetamide","N2-({(1S,3S,4R,5R)-3-[(3-chloro-4-fluorobenzoyl)amino]-1,4,5-trihydroxycyclohexyl}carbonyl)-D-leucinamide","4-{5-[(3S)-1-(4-Chlorobenzyl)-3-pyrrolidinyl]-1,3,4-oxadiazol-2-yl}-N,N-dimethylaniline",Levodopa + Cl*,2-(2-chlorophenyl)-1H-indole,2-Amino-6-chloropurine,Pentanamide + Cl*,N5-[2-(4-chlorophenyl)-2-oxoethyl]-1-ethyl-3-methyl-4-nitro-1H-pyrazole-5-carboxamide,"4-{3-[(5-chloro-1,3-benzothiazol-2-yl)oxy]phenyl}morpholine","2-amino-5-chloro-cis,cis-muconic 6-semialdehyde",N-{6-[(7-chloro-4-quinazolinyl)oxy]-3-pyridinyl}-4-methoxybenzamide,Quinoclamine,6-Chloro-7-nitroquinoxaline,Dibutyl malate + Cl*,4-acetamindobutyric acid + 2Cl*,2-pyridone + Cl*,5-chloro-3-phenylbenzo[c]isoxazole,Val-Pro + Cl*,13S-hydroxyoctadecadienoic acid + 3Cl*,2-Pyrrolidone + 2Cl*,Valerolactam + Cl*,NSC 444,5-chlorocytosine,Val-Trp + 2Cl*,Lamotrigine,Valerolactam + 2Cl*,"9,12,13-Trihydroxy-10,15-octadecadienoic acid + Cl*",1-(3-Chloro-2-fluorophenyl)-3-(dimethylamino)prop-2-en-1-one,13(S)-HpOTrE + Cl*,(Z)-4-Chloro-N-(3-ethoxy-1-hydroxy-3-oxopropylidene)tryptophan,"2,4-Dichlorophenol",p-Chloroacetophenone,"2-[(2-chlorobenzyl)sulfanyl]-4,6-dimethylnicotinonitrile",Tyramine + Cl*,Acetyl proline + Cl*,n-butylamine + 2Cl*,2-Amino-5-chlorophenol,SJ5700000, 12-oxo-phytodienoic acid + Cl*,Leu-Pro + Cl*,Dibutyl sebacate + 2Cl*,1-Hydroperoxy-L-tryptophan + Cl*,Pinellic acid + 2Cl*,"1-[3-(3,4-dichlorophenoxy)-2-hydroxypropyl]piperidine-4-carboxamide",A-12(13)-EpODE + Cl*,Dopamine + 2Cl*,"N'-{6-[(5-chloro-3-pyridyl)oxy]-3-pyridyl}-N,N-dimethyliminoformamide",Phloionolic acid + 3Cl*,Fenclonine,Traumatic Acid + Cl*,Dopamine + 3Cl*,Dopamine + Cl*,Bis(2-chloroethyl)amine,3-Chlorotyrosine,N1-(1-benzyl-4-piperidyl)-4-chlorobenzene-1-sulfonamide,"3,5-Dichlorotyrosine"
Bleach,Bleach high,Concentrated bleach,Euonymus,1,0.0,0.0,0,0,0.0,0.0,0,0.0,0.0,23881.101859999995,0.0,0,0.0,0.0,1440432.9353,0.0,235670.56643333333,0.0,0.0,0.0,2627348.5316066667,0.0,0,4090320.0700333333,0,0,0.0,0,3192708.2250666665,0.0,0,1517939.2864333333,0.0,0.0,456070.77574,0.0,0.0,0.0,16274175.717966666,0.0,0,0.0,0.0,7022747.771033334,0.0,0.0,0,0.0,1163990.81585,0.0,58586.91348999999,2430006.0587666663,0,0.0,2277328.5368233332,0,6185918.411333334,30571296.4593,580107.161333333,343746.55789999996,0,0,15632701.784459999,1306715.2777666666,0.0,0,0.0,0.0,0,1313986.8000000007,740944.6583433334,0,0.0,5563227.807333333,0,1390893.6365,8659908.616256667,2175341.6883333335,0,9731990.529333334,0.0,1992949.2718999998,0,0.0,2691811.2607733333,5618645.791566666,28413.802873333338,0,0,6843454.603,36398106.01166667,1634784540.4163334,34100470.46503334
Bleach,Bleach high,Concentrated bleach,Euonymus,2,0.0,0.0,0,0,0.0,0.0,0,0.0,0.0,84529.76069999998,0.0,29607.438933333324,0.0,0.0,615414.3767,0.0,623383.1404333333,0.0,0.0,0.0,1037247.0516066666,0.0,0,2051457.0620333333,0,0,0.0,0,564875.6581666666,0.0,0,907397.1734333332,0.0,0.0,156532.82684,0.0,0.0,0.0,16988511.03796667,0.0,0,0.0,0.0,4286583.786033333,0.0,0.0,0,0.0,856507.41025,0.0,27537.488590000008,8445560.621766666,0,0.0,4869317.755823334,0,7633230.168333333,28410641.3293,0,438661.9039,0,0,23188573.43446,1090058.9507666666,0.0,0,0.0,0.0,0,4979832.5,410028.65444333333,202810.7273333338,0.0,0,0,393360.2082,17566263.264256667,0,0,4552278.543333333,0.0,578748.81,0,0.0,1561396.1397733332,3575501.9625666663,22796.67583333334,0,0,11740842.576000001,11852298.921666667,1076351760.4163334,10582004.095033333
Bleach,Bleach high,Concentrated bleach,Euonymus,3,0.0,0.0,410054.01141333336,0,0.0,0.0,0,0.0,0.0,256892.502,0.0,30779.63493333332,0.0,0.0,1044550.9233,0.0,971771.7003333332,0.0,0.0,0.0,1611362.8036066669,0.0,18222.556376666667,3868477.6350333337,0,0,0.0,0,678768.3201666666,0.0,0,3186375.8694333336,0.0,0.0,426171.30634,0.0,0.0,0.0,16510367.677966667,0.0,0,0.0,0.0,7074082.650033333,0.0,0.0,0,0.0,3290155.48585,0.0,222500.48969000002,9382946.088766666,0,0.0,11979175.308823334,0,12925389.324333332,35382550.9093,1212851.306333333,514710.6206999999,0,0,30359425.654459998,3727551.474766667,0.0,235905.31133,0.0,0.0,0,139054.0799999982,1467769.9165433333,155794.64633333357,0.0,233127.3343333332,0,1908872.1015,35755570.31425667,1083590.5913333334,0,100896.23743333333,0.0,2066640.0528999998,0,0.0,6795318.396773334,7930602.695566667,51323.896323333334,0,0,17438151.666,28685348.37166667,1002021571.4163333,22622096.825033333
Bleach,Bleach high,Concentrated bleach,Grass,1,0.0,0.0,349921.6627466667,0,0.0,0.0,1344545.7069,0.0,0.0,5239385.5408,0.0,0,0.0,0.0,4011399.3538666666,0.0,0,0.0,0.0,0.0,982132.9333266667,0.0,80686.39771666666,267045.52600000007,0,0,0.0,0,355270.24319999997,0.0,69888.96899999992,273696.7362333333,0.0,0.0,117882.03180666665,0.0,0.0,0.0,0,0.0,0,0.0,0.0,7604951.833493333,0.0,0.0,73919.21220000007,0.0,514213.4306866667,0.0,1114520.28835,0,0,0.0,623388.8702733334,0,4755201.749366666,22674329.21866667,1280442.4836666666,252339.43813333334,0,0,8009849.178033333,3907879.348966667,0.0,26948.817333333325,0.0,0.0,0,0,4657534.734206666,0,0.0,0,67595.71903333331,4043465.7434000005,3535745.341303333,24706230.0291,0,5178804.922333333,0.0,8449561.231966667,0,0.0,1758666.8265766667,2760761.743333333,33356.045873333336,0,0,160317536.32596666,102559172.15166666,1037163991.872,118407429.40166667
Bleach,Bleach high,Concentrated bleach,Grass,2,0.0,0.0,804927.5216466667,0,0.0,0.0,0,0.0,0.0,5802882.4138,0.0,0,0.0,0.0,3620396.102866667,0.0,500086.72510000004,0.0,0.0,0.0,1236163.7983266667,0.0,157316.30971666667,1997719.7820000004,0,0,0.0,0,396893.81690000003,0.0,0,778520.6455333333,0.0,0.0,278683.12360666663,0.0,0.0,0.0,0,0.0,0,0.0,0.0,16147797.401493333,0.0,0.0,114514.70680000004,0.0,1001096.9502866666,0.0,1567550.77835,675653.6384999999,18059.309890000004,0.0,2636863.861273333,0,11794892.795366667,29523114.748666666,1832735.2606666668,34620.11683333333,0,0,13011016.272033334,5618080.536966667,0.0,358836.45703333337,0.0,0.0,0,203169.41000000015,3277422.2332066665,0,0.0,27764.967209999988,56763.889233333306,20876875.4914,12563767.320303334,18652489.3791,0,12707068.297333334,0.0,5124443.004966667,0,0.0,5846092.411576667,3776060.986333334,41849.312803333334,0,0,197579631.62596667,93335560.49166666,976652418.772,103512716.20166665
Bleach,Bleach high,Concentrated bleach,Grass,3,0.0,0.0,584530.3220466666,0,0.0,0.0,217945.7351,0.0,0.0,2632081.1278,0.0,0,0.0,0.0,3440183.4588666665,0.0,231872.1431,0.0,0.0,0.0,750747.5200266667,0.0,68035.39441666668,356105.3370000003,0,0,0.0,0,397435.86610000004,0.0,98658.58829999994,1024569.6055333333,0.0,0.0,120497.20330666668,0.0,0.0,0.0,0,0.0,0,0.0,0.0,9249406.624493333,0.0,0.0,2242046.0769,0.0,1046964.6302866666,0.0,1862829.30335,146606.1926,0,0.0,3214274.393273333,0,8830282.450366667,21451507.14866667,902724.0786666668,11514.973833333352,0,0,10341613.782033334,3118676.945966667,0.0,162110.60683333332,0.0,0.0,0,0,1652785.2432066668,0,0.0,2922.7707099999825,198302.2789333333,3042100.2594000003,10160001.140303334,11975929.699099999,0,7206288.284333333,0.0,3540728.5379666663,0,0.0,2304702.519576667,3795920.152333333,24659.657663333335,0,0,149912166.42596665,92849665.04166666,783973045.6719999,122159994.20166665
Bleach,Bleach high,Concentrated bleach,Nettle,1,0.0,0.0,1712375.324,1186262.2,0.0,0.0,243735.3802,0.0,0.0,63544.83923,0.0,84150.97555,0.0,0.0,3362060.014,0.0,2208694.468,0.0,0.0,0.0,750176.413,0.0,214701.3492,5615842.909,540453.5229,720148.8657,0.0,106158.3892,1509414.378,0.0,45948.46873,2833477.155,0.0,0.0,1386216.041,0.0,0.0,0.0,14601357.52,0.0,442693.4438,0.0,0.0,8524875.711,0.0,0.0,15172510.52,0.0,2358018.322,0.0,4576740.171,5954029.992,72947.57944,0.0,13097622.55,80745.35592,20499220.28,25831717.13,3553417.359,156206.215,119810.4299,955205.1619,23677816.91,9559409.211,0.0,988787.7212,0.0,0.0,939049.2448,38113313.64,870066.7766,2553805.974,0.0,310541.9824,81642.96668,5711438.654,59502775.74,10245062.92,1124927.146,24747184.97,0.0,6024890.73,166335.9707,0.0,9339802.888,10161319.8,161067.2533,114556.5788,1795314.876,320737391.2,108181569.3,1294399371.0,90173781.19
Bleach,Bleach high,Concentrated bleach,Nettle,2,0.0,0.0,1956736.237,2231865.962,0.0,0.0,218707.4315,0.0,0.0,158540.3473,0.0,107142.057,0.0,0.0,4447987.66,0.0,1421203.295,0.0,0.0,0.0,905932.9075,0.0,267472.6532,5995046.124,1524762.946,591446.5403,0.0,129831.956,3517272.888,0.0,211057.2285,3335599.452,0.0,0.0,906863.6756,0.0,0.0,0.0,34066191.22,0.0,522645.5962,0.0,0.0,10841154.03,0.0,0.0,5872165.89,0.0,2221493.214,0.0,13275770.9,3060719.441,325574.8502,0.0,9182743.993,102001.3024,23082945.59,30049673.46,4181621.977,714606.1011,173032.8625,1140241.105,26491984.94,11344122.89,0.0,678610.0835,0.0,0.0,806865.7919,29556969.93,1624947.308,2891911.467,0.0,263294.7902,240141.5903,8789482.147,41272398.51,14325684.89,859851.6078,26814637.17,0.0,14760301.76,229097.9369,0.0,10312532.1,12984863.05,67154.63944,157141.4609,2441133.978,622478780.1,190131804.3,2513280414.0,143239786.0
Bleach,Bleach high,Concentrated bleach,Nettle,3,171546.6595,0.0,457254.2776,2927206.0,0.0,0.0,97918.76612,97630.22856,0.0,61448.00067,0.0,203017.5916,748683.6608,179613.7392,1795656.954,0.0,867729.3242,0.0,0.0,0.0,59782.10861,0.0,117304.9219,2465563.761,1078876.402,857066.5011,95420.50991,101419.5005,682107.8293,5270218.49,249464.616,2218115.831,0.0,0.0,56634.65064,0.0,4954942.204,296896.7598,21420621.58,1726449.937,574831.8452,0.0,6002986.066,7235568.633,152029.8663,0.0,6771372.781,626942.6565,268627.6838,0.0,2259595.124,3000509.598,67679.61666,0.0,7767081.948,362889.9439,21021687.12,20337733.48,2620008.194,333194.8338,131172.9255,980134.1793,6239668.403,3679711.747,0.0,1429107.783,50769.07073,952219.5371,1300843.377,30870795.07,533486.6146,3505979.94,0.0,123136.9768,92584.54244,13688847.54,33980588.6,537886.945,737190.47,11696274.41,15126372.36,1641478.25,196483.9662,89935038.32,3577097.015,7982435.821,34236.03567,172528.5783,2014765.779,560491301.4,83557567.67,96651150.35,41664098.56
Bleach,Bleach high,Concentrated bleach,Nettle,4,0.0,0.0,0.0,0.0,0.0,0.0,0.0,0.0,0.0,0.0,0.0,0.0,0.0,0.0,0.0,0.0,0.0,0.0,0.0,0.0,0.0,0.0,0.0,12242288.83,0.0,0.0,0.0,0.0,0.0,14457714.45,0.0,11615948.5,0.0,0.0,0.0,0.0,9176046.588,0.0,0.0,0.0,0.0,30559109.46,0.0,35089712.37,0.0,0.0,0.0,0.0,0.0,0.0,34560158.24,8602622.211,0.0,0.0,10721820.01,0.0,33597414.43,29881286.51,0.0,0.0,0.0,0.0,26762215.55,0.0,0.0,0.0,0.0,0.0,0.0,0.0,0.0,0.0,193978542.2,0.0,0.0,0.0,39423076.97,0.0,0.0,0.0,0.0,0.0,0.0,0.0,0.0,17474551.06,0.0,0.0,0.0,0.0,72231110.21,0.0,44414558.56
Bleach,Bleach high,Concentrated bleach,Nettle,5,0.0,0.0,0.0,0.0,0.0,0.0,0.0,0.0,0.0,0.0,0.0,0.0,0.0,0.0,0.0,0.0,0.0,0.0,0.0,0.0,0.0,0.0,0.0,15085800.99,0.0,0.0,0.0,0.0,0.0,20495837.91,0.0,9345253.708,0.0,0.0,0.0,0.0,11537675.14,0.0,0.0,0.0,0.0,35246466.61,0.0,23567448.16,0.0,0.0,0.0,0.0,0.0,0.0,36976796.1,11872745.33,0.0,0.0,16843105.37,0.0,42871683.7,40358485.99,0.0,0.0,0.0,0.0,33331754.23,0.0,0.0,0.0,0.0,0.0,0.0,0.0,0.0,0.0,289956105.5,0.0,0.0,0.0,63167757.97,0.0,0.0,0.0,0.0,0.0,0.0,0.0,0.0,19064621.91,0.0,0.0,0.0,0.0,89882482.62,0.0,65295987.29
Bleach,Bleach high,Concentrated bleach,Nettle,6,0.0,0.0,6203446.768,0.0,0.0,0.0,0.0,12636983.33,0.0,0.0,0.0,0.0,0.0,0.0,0.0,0.0,0.0,0.0,0.0,0.0,0.0,0.0,0.0,16100913.63,0.0,0.0,0.0,0.0,0.0,23639243.09,0.0,11892071.01,0.0,0.0,0.0,0.0,14718392.57,0.0,0.0,0.0,0.0,38786349.38,0.0,32668694.17,0.0,0.0,0.0,0.0,0.0,0.0,30466899.38,7677164.239,0.0,0.0,19395361.73,0.0,45136735.65,30839471.03,0.0,0.0,0.0,0.0,27036376.68,0.0,0.0,0.0,0.0,0.0,0.0,0.0,0.0,0.0,264516219.4,0.0,0.0,0.0,77085064.68,0.0,0.0,0.0,0.0,0.0,0.0,0.0,0.0,23900471.41,0.0,0.0,0.0,0.0,79717603.46,0.0,45924535.7
Bleach,Bleach low,Household bleach,Euonymus,1,0,0.0,0,0,0.0,0.0,0,1211610.0911666667,0.0,160648.5564,0.0,149353.5376333333,508069.9863666666,380534.86046666664,2942471.5663,0.0,3397655.7593333335,0.0,0.0,0.0,1581194.0336066668,0.0,31546.376756666672,3240455.916033333,0,1558906.5888,236493.90143333335,0,0,1810519.7249999999,0,6499644.377433333,0.0,0.0,38564.88504000001,0.0,3200156.8813333334,2797452.1092533334,21902325.257966667,1333870.7120666667,0,0.0,8331907.544800001,10900612.925033333,8578.0441,0.0,138201.3286666667,0,212623.48285000003,0.0,51627.64219,2822558.8267666665,755.1574166666542,0.0,8758490.515823334,449761.70963333326,20807377.544333335,11705377.339300001,0,519768.45339999994,0,0,3311366.28946,15851197.194766667,0.0,15366106.09233,43411.87734,0,0,2063369.7099999972,2722940.361543333,529144.8053333336,0.0,0,0,28118766.6675,50280378.12425666,13489917.098333335,0,78823831.68033333,5302881.045266667,9556882.8289,82595.85893333334,68464336.08466667,14608606.254773334,2782932.0045666667,19070.501953333336,0,0,21605225.156,6973669.615666668,69012484.45633334,7016469.157033333
Bleach,Bleach low,Household bleach,Euonymus,2,0,0.0,333095.95151333336,1222652.799,0.0,0.0,0,0,0.0,19062.35897,0.0,0,360302.1833666668,207100.53596666668,914792.7903,0.0,3150079.2503333334,0.0,0.0,0.0,1506813.2426066669,0.0,28080.082446666675,2253174.0150333336,0,1819239.0548,0,0,0,0,0,5092639.115433333,0.0,0.0,65402.43114,0.0,2693588.8463333333,8765436.767253334,18725358.28796667,3510574.5370666664,0,0.0,40497167.1028,4359362.128033333,119872.30120000002,0.0,0,0,93595.81195000002,0.0,113536.27589,2436480.7547666663,4875.893696666666,0.0,5408649.714823334,1862025.9125333333,8789192.414333334,4023282.9612999996,0,0,0,0,0,23330866.86476667,0.0,22045362.00233,57168.98466000001,0,0,0,537062.0885433333,501811.20533333346,0.0,0,0,69864770.6475,38732213.324256666,12496555.578333333,0,50206784.94033334,32197644.652266666,13949874.1239,0,181693397.58466664,530571.4932733333,0,136153.22169333333,0,0,19161586.326,4995322.865666667,73280949.93633333,3542505.3530333336
Bleach,Bleach low,Household bleach,Euonymus,3,0,0.0,0,944763.2000000007,0.0,0.0,0,14753.771366666668,0.0,64033.928799999994,0.0,0,0,1944989.8963666668,1192681.6702999999,0.0,568220.0329333333,0.0,0.0,0.0,1367783.5106066668,0.0,129359.8058366667,3852545.3280333336,0,0,477542.83873333334,0,0,5962259.87,0,3398112.6274333335,0.0,0.0,0,0.0,1697744.3693333336,63348.380153333346,14430165.537966667,505908.86376666673,0,0.0,9260241.262799999,11883136.925033333,0,0.0,0,2406723.2667333335,237137.36145000003,0.0,52599.10489,6383938.298766666,0,0.0,7375983.354823333,2241458.6535333334,16887956.664333332,20017628.629300002,0,22055.19179999997,0,0,6375127.07746,8540837.405766668,0.0,5895172.60833,2828.5956600000063,0,0,0,2472754.4885433335,208817.47233333346,0.0,888047.486333333,23152015.46666667,27891716.6475,33529390.354256667,19688076.208333336,0,78130703.88033333,1732396.4882666664,5895526.3209,0,93665124.18466666,28287472.894773334,3088074.4905666662,10663.121273333334,0,0,13143396.625999998,15392463.271666666,54660120.946333334,11067273.395033333
Bleach,Bleach low,Household bleach,Grass,1,0,0.0,303457.3098466667,1142688.0216666665,0.0,0.0,0,0,0.0,121970.4301,0.0,0,8985838.380666666,0,514944.05706666666,0.0,1799913.4909,0.0,0.0,0.0,59588.410126666655,0.0,39700.49086666667,3019261.518,0,5298739.2509,0,25996.290866666663,0,0,0,5095810.138533333,0.0,0.0,36422.35720666665,0.0,10351577.078666667,24540621.5321,0,34172286.38643333,0,0.0,40861610.852066666,12363080.651493333,0,0.0,0,0,7558.15998666668,0.0,126565.88195000001,1285105.0675,78533.64509,0.0,9691288.361273333,0,9988696.875366667,4007481.980666667,0,3032468.686933333,0,0,0,39013200.08096667,0.0,41834943.898933336,57378.20209666666,0,101436.73399999994,0,176282.49570666667,0,0.0,19951.738309999986,0,235525612.1614,41626228.26030333,83377300.46910001,0,28681985.737333335,67760528.5815,25268917.336966667,0,532518595.962,1480158.2355766667,0,54260.79546333333,0,0,36315415.22596667,0,4933615.667,0
Bleach,Bleach low,Household bleach,Grass,2,0,0.0,400347.9153466667,472619.66866666684,0.0,0.0,0,0,0.0,129543.75829999999,0.0,0,13657502.400666665,0,757174.2941666667,0.0,2455866.3789,0.0,0.0,0.0,110473.21762666668,0.0,57208.53101666667,4330354.457,0,11545152.3919,0,49485.62186666667,0,0,0,7005448.277533334,0.0,0.0,138396.94400666666,0.0,15196387.968666667,33590661.182100005,0,27211265.236433335,0,0.0,15775789.702066667,16568017.081493333,0,0.0,0,36714.90426666662,39566.596786666676,0.0,196886.69745000004,1699076.9704999998,62289.33759000001,0.0,12278261.628273334,4637542.833199999,13876639.595366668,6603167.410666667,0,3123413.243933333,17182.9283,0,0,51298789.72096667,0.0,32827208.518933333,91647.17839666667,0,121446.85800000001,0,201173.93420666672,0,0.0,49284.72610999999,25469.33113333331,313417443.1614,55105345.50030333,112432850.9791,0,24308144.677333333,96362192.4315,36661298.61696667,0,573907465.662,549250.4288766667,0,96670.36051333333,0,0,49697777.34596667,0,6148097.193000001,0
Bleach,Bleach low,Household bleach,Grass,3,0,0.0,317176.35324666667,1076313.0246666665,0.0,0.0,0,0,0.0,565026.1754000001,0.0,0,5350797.576666666,0,443644.1066666667,0.0,3399429.8929000003,0.0,0.0,0.0,734.500316666672,0.0,0,1329218.726,0,4842552.7369,0,5807.966966666674,0,0,879856.7138999999,18124199.29253333,0.0,0.0,0,0.0,7741456.076666667,1092679.9971,0,4735659.044433333,0,0.0,7047762.580066667,6414583.538493333,0,0.0,0,18958065.562266666,46537.950086666664,0.0,89567.24455,6400255.2335,0,0.0,15509618.908273334,3372064.8502,22307816.325366665,3201681.375666667,0,0,0,0,0,12230118.730966667,0.0,20585609.84893333,0,0,0,0,232083.18080666667,0,0.0,0,14507.093133333314,53072152.5014,68642327.61030333,13378024.9891,0,22278224.047333334,93846179.3015,4466172.741966667,0,145534691.06199998,2854479.3785766666,0,0,0,0,65123215.27596667,626724.5706666664,11526889.422,3383713.9876666665
Bleach,Bleach low,Household bleach,Nettle,1,0,0.0,76330.31070666667,1935516.7993333335,0.0,0.0,0,486971.4252666667,0.0,197644.1325666667,0.0,0,8010044.205666666,0,0,0.0,9474038.807866666,0.0,0.0,0.0,52183.80060333332,0.0,88012.12008333333,3269044.127666666,0,0,0,27162.322199999995,0,0,0,18099207.930733334,0.0,0.0,445330.39134000003,0.0,0,4595567.277666667,0,4077406.6574333333,0,0.0,11604808.047133334,5904054.2201333335,64041.9696666667,0.0,5298329.664533334,0,0,0.0,665551.6456333332,0,28232.078800000003,0.0,19790262.812176667,1035024.1526333333,13063239.487266665,3727288.76,0,11436.122999999963,0,0,1068288.9571333334,8148831.246366667,0.0,43083803.11282667,139879.04100333335,0,0,0,2352115.712633333,0,0.0,28320.84169999999,0,10701524.271366667,91279095.97888666,977250.9100333335,0,34600042.0562,415361527.33743334,3017898.303133333,0,171664366.56963333,518213.54958666663,0,158116.35249000002,0,0,433132982.8437334,0,100530476.51166667,0
Bleach,Bleach low,Household bleach,Nettle,2,0,0.0,350079.3549066667,3679436.3213333334,0.0,0.0,0,1710549.5787666668,0.0,190029.74096666666,0.0,0,4213981.2716666665,0,0,0.0,391940.14956666663,0.0,0.0,0.0,125429.25750333334,0.0,158929.3387833333,4640922.294666667,0,1723612.9363333331,0,0,0,0,0,5191508.631733333,0.0,0.0,31911847.83424,0.0,9266170.727666665,17574308.996666666,0,3761102.8354333336,0,0.0,18963923.91713333,7028189.214133333,239096.3580666667,0.0,1986190.6115333335,0,1082.5000666666892,0.0,296028.4718333334,0,19887.216100000005,0.0,5125837.150176667,7920925.810633333,4674323.059266666,3500243.6909999996,0,3320410.6115,0,0,639803.2543333333,6501740.839366667,0.0,4700155.317826667,109395.03110333333,0,0,0,128713.42613333333,0,0.0,14199.57759999999,137884.6147,55222247.801366664,427854.1792866667,10369519.339033334,0,250466.8026,258441155.63743335,13841495.654133333,0,611573560.2696334,537961.1253866666,0,169395.98518999998,0,0,115222095.94373333,0,36037806.84166667,0
Bleach,Bleach low,Household bleach,Nettle,3,0,0.0,0,10992168.762333333,0.0,0.0,0,0,0.0,58229.81256666669,0.0,0,6722229.988666667,0,1953763.4518333334,0.0,15153717.875866666,0.0,0.0,0.0,438678.8236033333,0.0,81951.89608333334,6786134.807666666,0,18987923.561333332,0,0,0,0,1505840.3378333333,17743028.660733335,0.0,0.0,53668.54994000001,0.0,33349079.387666665,10957823.106666666,0,9020823.777433334,0,0.0,27917670.197133332,22860289.061133333,0,0.0,38129171.206533335,51159267.517699994,385062.4137666667,0.0,1165317.7866333332,15833809.396266667,424302.29310000007,0.0,37330604.532176666,15360083.286633333,67619929.67726667,21819876.083,0,1427829.0705,0,0,7636128.258133333,42551914.44236667,0.0,171971373.85282665,43149.25250333332,0,0,0,134246.87513333332,0,0.0,123454.85259999998,0,123686882.11136666,184113215.40888667,5528525.090033333,0,219604163.4762,284987164.5374333,5526171.750133334,0,156565222.76963332,19173214.91468667,3982842.013666667,23961.36385,0,0,254617143.94373333,8318675.470333332,65479994.82166667,7512046.3780000005
Bleach,Bleach mid,Pool bleach,Euonymus,1,0.0,854650.8688,10442490.070813334,0,0.0,0.0,144904.0414666667,3136730.4261666667,1341462.965,771908.4588,132568.6569,517110.2873333333,0.0,10302572.269366667,7767912.1293,0.0,1813973.379333333,0.0,0.0,0.0,2829969.8316066666,0.0,241386.6979366667,20454518.12903333,54224.2947333334,0,6526428.190933333,0,0,19801906.631,0.0,4381941.164433333,152901.0725,0.0,152129.76044,219776.0768,2890635.673333334,0,15293327.507966666,0.0,0,0.0,0.0,39368510.84503333,45890348.9802,48084868.12,0,0.0,5773242.650850001,0.0,20460.48229,20825602.16276667,33119.53120666667,8394271.723,14600949.628823334,3250719.7705333335,30674249.204333335,91014664.2593,0,0,0,0,72232990.45446,6360612.563766667,13744726.94,6401162.64133,0.0,0.0,0,0.0,3823539.725543333,0,0.0,6149325.187333332,0,24148992.6975,72247628.05425666,4871976.5123333335,0,61556055.25033334,214623.7287666666,8879711.8029,0,162510901.98466665,41063244.31477333,24610421.96356667,1837.9650533333333,0,0,106673119.60599999,25156452.631666668,582370504.8163333,17910523.395033333
Bleach,Bleach mid,Pool bleach,Euonymus,2,0.0,1034843.92,10376498.610813333,0,0.0,0.0,1810280.5017666665,2102621.632166667,1658281.369,17306.384940000004,948640.194,0,0.0,5889399.489366666,2245610.8483,0.0,3850.166033333313,0.0,0.0,0.0,3444422.1706066667,0.0,121918.87543666668,8551391.845033333,235903.4297333334,0,22193808.225933336,0,773393.1260666667,9060418.511,0.0,578624.8872333334,172939.153,0.0,104711.19114000001,236212.187,694586.0883333336,0,8474029.597966665,0.0,0,0.0,0.0,13573929.025033332,22089081.0702,44607712.75,0,0.0,2450881.07085,0.0,21007.851590000006,310610.7613666667,573837.2175066667,13316350.59,770495.7710233334,561930.9808333333,6414396.891333333,58476698.25929999,4508958.636333333,1161829.5966999999,0,0,21527442.25446,17267271.314766668,3314251.093,17307821.392330002,0.0,0.0,0,0.0,1904442.0195433334,0,0.0,0,0,46160912.9375,4934972.260256667,54387300.718333334,0,34149337.800333336,0,8030631.9119,2285.169033333339,432086636.78466666,23175381.254773334,10339093.633566666,9407.308903333334,0,0,13246261.116,74137926.28166667,579922290.8163333,91662223.70503333
Bleach,Bleach mid,Pool bleach,Euonymus,3,0.0,1113475.833,1666251.0938133334,0,0.0,0.0,847679.0627666668,2910329.007166667,1930981.542,9653.234559999997,948055.3671,0,0.0,5702817.105366667,2143720.3063000003,0.0,562092.5773333333,0.0,0.0,0.0,3075208.6846066667,0.0,146575.23173666667,7905233.6790333325,41651.50303333346,0,19349522.765933335,0,772808.2991666667,9004275.910999998,0.0,1187173.4444333334,173997.5939,0.0,265693.38984,241413.717,2810254.691333333,0,8103825.217966666,0.0,0,0.0,0.0,19117809.195033334,24996407.4602,41161878.48,0,0.0,2445706.03185,0.0,27914.815990000003,1427862.4607666668,102239.39930666667,11200480.94,1870193.7448233333,818027.2725333334,7516506.969333333,77167902.6193,2542898.1313333334,1228093.3476999998,0,0,26205239.72446,8426063.961766668,9233963.06,8466614.03933,0.0,0.0,0,0.0,1925646.0255433333,0,0.0,0,0,38694297.677499995,11010482.164256668,48204642.09833334,0,37909486.64033334,1103465.9862666666,10339840.9039,0,206947766.78466666,27399599.144773334,11080580.423566667,8296.745363333332,0,0,28027295.766000003,72158525.89166667,854357616.1163334,88682973.73503333
Bleach,Bleach mid,Pool bleach,Grass,1,0.0,701823.4731,2985430.0827466664,0,0.0,0.0,0,505850.3908666666,81124.14097,13281265.1818,132700.0357,0,0.0,224045.5615,6367076.269866667,0.0,3683356.5849,0.0,0.0,0.0,1085290.8453266667,0.0,332948.19991666666,8185530.546,0,0,0,7368.570266666677,0,532806.2796666666,0.0,24657561.802533332,158221.2985,0.0,455490.4913066667,16341833.21,8094014.976666666,0,0,0.0,0,0.0,0.0,38024940.67149333,0,769527.83,0,0.0,4881020.330286667,0.0,32772.95055000001,62264052.6105,71.54050999999163,737003.1549,67123564.34827332,8068731.8401999995,57777402.85536666,37717029.70866667,0,0,0,0,64419797.29203333,18280918.870966665,24316264.73,17414420.878933333,0.0,0.0,0,0.0,5489614.599206666,0,0.0,682800.55371,0,24133602.7014,319062695.16030335,759580.0290999999,0,43469531.84733333,1996346.3635,7937033.279966666,0,35216869.511999995,19071935.117576666,34009007.01833333,125269.81291333333,0,0,280107632.0259667,7113443.180666667,516290349.972,7396008.019666666
Bleach,Bleach mid,Pool bleach,Grass,2,0.0,723785.7731,3418755.2367466665,0,0.0,0.0,143370.8663,1094466.5141666667,176853.8242,6420714.4218,142650.4263,0,0.0,269490.0122,3310534.9678666666,0.0,4768765.4339,0.0,0.0,0.0,1231794.5223266666,0.0,497121.71851666673,5069523.264,0,0,0,6985.843966666667,0,3492468.5796666667,0.0,20019846.302533332,154753.8559,0.0,368623.0659066666,32572114.06,9340535.018666668,0,0,0.0,0,0.0,0.0,27225723.651493333,0,866564.4326,0,0.0,5060519.438286667,0.0,32454.72415000001,24695454.4705,0,1235879.374,31902488.948273335,4713078.7472,50121352.83536667,42112428.09866667,0,0,0,0,39782648.65203334,12758659.350966666,18097118.06,12808004.668933332,0.0,0.0,0,0.0,3105425.542206667,0,0.0,15246.19610999999,48376.64623333332,22244442.851400003,149946085.16030332,5148343.761100001,287505.0332333336,49385901.06733333,15062783.9915,8200842.350966667,0,36247974.392000005,15957381.337576667,19896983.218333334,23857.96389333333,0,0,137992121.52596667,26127793.141666666,812798142.972,30579674.651666667
Bleach,Bleach mid,Pool bleach,Grass,3,0.0,875424.8641,4881207.420746667,0,0.0,0.0,0,657777.8858666667,127088.9108,6417168.1628,139126.975,0,0.0,310114.95290000003,3512844.3578666667,0.0,4214897.5868999995,0.0,0.0,0.0,691283.1517266667,0.0,366152.4626166667,4050980.6630000006,0,0,0,0,0,1693882.0476666668,0.0,22078758.012533333,146083.5485,0.0,184346.59580666665,30483834.99,9337811.488666667,0,0,0.0,0,0.0,0.0,32811854.541493334,0,983329.0366,0,0.0,4575922.791286667,0.0,23665.605550000007,29349267.4105,2881.381119999991,881437.3536,35752364.00827333,4294202.117199999,31342089.175366666,26948831.008666668,0,0,0,0,41968628.67203333,6697669.853966666,17023763.13,6747015.171933333,0.0,0.0,0,0.0,3627421.1082066665,0,0.0,21354.72090999999,53938.697433333306,22188178.671400003,173710883.16030332,2243558.4101,0,45466904.94733333,6757546.5594999995,7549932.755966666,0,34702986.282000005,13529551.877576666,22154623.668333333,24257.86247333333,0,0,152854153.42596665,11603522.901666665,694854398.372,11535489.721666666
Bleach,Bleach mid,Pool bleach,Nettle,1,0.0,677371.4378,4092567.541706667,0,0.0,0.0,789195.7260666667,11319200.106766665,83394.2217,0,191563.358,0,0.0,262027.76863333338,6882221.285833333,0.0,3763900.3428666666,0.0,0.0,0.0,630828.5677033333,0.0,655064.9919833333,9766087.977666667,0,0,25523.575699999987,0,0,3290030.635333333,0.0,8016429.228733333,7090658.032,0.0,947742.7602399999,6163866.923,19819903.907666665,0,0,0.0,0,0.0,0.0,42970565.98113333,1019632.4803666666,861626.576,49219382.526533335,0.0,5702370.914266666,0.0,853735.5567333333,21697766.836266667,1061276.8129,678707.816,36281090.49217667,13562669.736633334,89863415.24726667,41620702.063,5001624.567333333,0,0,0,58494433.52313334,15089023.452366667,85990144.5,15203019.192826666,0.0,0.0,119212.26366666681,0.0,8525882.437633334,0,0.0,1437977.8847,260758.786,41533991.27136666,186199343.50888667,9521855.144033333,161308.68933333363,84486855.62619999,22950950.147433333,17118717.084133334,0,129421353.46963334,22855237.044686668,54812284.975666665,47142.54066,0,0,1241456661.2437334,97849793.69033332,1872580294.8116667,107781396.367
Bleach,Bleach mid,Pool bleach,Nettle,2,0.0,632125.3679,4236410.512706667,0,0.0,0.0,1203216.5049666667,5653618.975766666,78785.72382,253739.4378666667,1464782.65,433345.3497999999,0.0,486072.85163333337,14218314.204833334,0.0,1542993.7538666667,0.0,0.0,0.0,717376.0675033333,0.0,321399.36758333334,21082258.217666667,52064.3320666668,0,0,0,1238389.6413666666,4892203.187333333,0.0,6608482.882733333,27975606.99,0.0,327179.94554000004,237274.3466,10455890.107666668,0,0,0.0,0,0.0,0.0,41948806.05113333,977875.7383666667,919256.5005,48449967.37653334,0.0,6943164.765266667,0.0,1199506.4426333334,29594323.346266665,1500411.7409,734911.3498,33234577.612176668,9387123.980633333,61624293.48726667,44602567.343,5253964.498333333,0,0,0,131587907.73313333,17666720.852366664,144364654.9,17780716.592826664,0.0,0.0,1245703.2286666667,0.0,9342559.207633333,0,0.0,1577627.9087,249413.4798,28396936.491366666,156318998.6088867,2994862.2820333336,1086594.2053333337,50945301.5562,9157369.767433332,14047259.184133334,0,94051386.96963333,20667020.91468667,61045580.87566666,56922.20289,0,0,1356920943.2437334,100019619.60033333,2538541341.8116665,57662015.027
Bleach,Bleach mid,Pool bleach,Nettle,3,0.0,624463.1186,1005819.9727066667,0,0.0,0.0,0,2046437.5417666668,76813.60976,31629.336966666684,134986.4779,0,0.0,242275.79563333333,4518332.965833333,0.0,4374753.873866666,0.0,0.0,0.0,737259.2392033334,0.0,305729.16308333335,7158640.609666667,0,0,3887.6716000000015,0,0,0,0.0,8467772.820733333,6709767.287,0.0,1622757.65024,5009947.104,12520627.877666667,0,0,0.0,0,0.0,0.0,18117671.831133332,951355.3243666666,829858.8371,48077030.18653334,0.0,5430774.600266667,0.0,385401.9045333334,25409336.466266666,0,737708.9237,22988413.14217667,8326608.611633334,55272835.137266666,35799442.923,0,0,0,0,47561433.77313334,20611991.062366664,110141181.5,20725986.802826665,0.0,0.0,0,0.0,4144947.3496333333,0,0.0,0,34295.1219,28185947.791366667,125422143.00888667,3345486.9970333334,1023485.6043333334,47325630.2062,61503912.58743333,10443421.654133333,0,102620418.66963333,13095215.884686667,26084797.965666667,0,0,0,1819227926.2437334,29474636.470333334,2737933540.8116665,32707647.257
Cl,Cl,"Chlorine, high",Euonymus,1,0.0,429933.7039,177794.49360333334,0,0.0,3272787.7635,0,33442.48031666667,1782872.79,131582.97404499998,108856.93965,0,0.0,3192735.7265666667,3962.1105800000005,1496602.272,0.0,0.0,633871.572,0.0,23673.880161666675,113407.10635,6705.593821666673,0,0,0,9911520.072966667,0,1590597.2868666665,0,0.0,661803.7468833333,0.0,2426598.8495,0.0,0.0,0.0,59099.28232666666,0.0,0.0,0,0.0,0.0,404272.0681833333,0.0,0.0,479146.6642166667,0.0,0,0.0,11126.239575,0,1264058.1297566667,0.0,12007.357453333338,0,28960.652983333348,11545162.2923,6557273.778673333,0,59996.42108333335,0,71200.99431,2864737.6977266665,0.0,1951593.1152800003,90717.28528,0,0,0,5439.990193333324,0,0.0,90114843.07366666,0,14121465.89755,0,29258140.407733332,6169566.384633333,42320426.08713333,0.0,7000863.859855,19651.36608333334,0.0,200024.34815833333,87883.58946666663,32601.837113333335,39688.190700000036,0,0,30394092.35666667,0.0,136394252.62003332
Cl,Cl,"Chlorine, high",Euonymus,2,0.0,1961988.375,94248.89891333332,0,0.0,5074330.145,0,41150.50416666667,1911265.0385,54339.194709999996,117474.3169,0,0.0,2219283.5467666667,111128.43950000001,4682651.5575,0.0,0.0,504386.7015,0.0,13565.37774166667,2101309.05,2209.101156666675,0,0,0,6430267.702966667,0,1038646.3740666667,0,0.0,542596.2494333334,0.0,1788856.354,0.0,0.0,0.0,47013.20762666666,0.0,0.0,0,0.0,0.0,467479.23523333337,0.0,0.0,0,0.0,0,0.0,68682.96549,0,5383433.096356666,0.0,7159.222398333339,558141.7840233333,43997.79143333333,14356004.5605,7872233.012713334,186163.74504999994,206483.08273333337,0,49729.19376000001,971.0693366666856,0.0,1131214.19613,96222.69548,0,0,0,32400.90716333333,0,0.0,76648494.12366667,76026995.47166668,10619980.3913,0,14915171.876733333,2416879.2161333337,35583015.29688334,0.0,5092065.50835,31399.60983333335,0.0,242255.8490883333,293559.0523666666,41138.72447833334,176775.6351,0,0,7278971.304046666,0.0,111929732.72003332
Cl,Cl,"Chlorine, high",Euonymus,3,0.0,1821512.958,130316.16995833332,0,0.0,2210105.0515,0,53692.55641666667,1452477.1775,116951.74665,97682.5746,0,0.0,2132957.773416667,18588.691705000005,5680115.35,0.0,0.0,627882.7065,0.0,79966.22658666666,1542378.5325,5802.901081666674,0,0,0,5676867.947966667,0,1155994.9048666665,0,0.0,702333.1594333333,0.0,1433074.4995,0.0,0.0,0.0,52274.95917666666,0.0,0.0,0,0.0,0.0,138369.0336833333,0.0,0.0,0,0.0,0,0.0,33737.10544,29740.570716666654,4711632.589406666,0.0,3245.6489033333382,712308.0581433333,55294.15388333333,9325179.37015,5111579.0539833335,208257.35139999993,116133.33388333334,0,81356.95861,2186260.0825466667,0.0,861952.85523,120208.42838000001,0,0,0,14922.71734333333,0,0.0,119423033.92366666,150354429.82166666,8266441.2303,0,14953720.139983334,4454457.693633334,30591407.601933338,0.0,3706273.8382,44060.22028333334,0.0,196396.18468333333,228479.2003166665,34034.668723333336,98766.06735000004,0,0,11204908.290846668,0.0,113318316.68503332
Cl,Cl,"Chlorine, high",Grass,1,1038262.4233,0.0,0,0,0.0,0.0,0,33286.02691666667,0.0,11678234.611149998,1047869.9185,7828220.038916667,0,2731544.6445,1065995.4658666665,0.0,8740.673849999992,0.0,896865.298,0.0,2941824.9033516664,0.0,9607.907051666665,0,0,0,9844.092416666666,9657.484416666673,2021316.3428000002,0,0,330639.5839333333,0.0,0.0,3205.663003333335,0.0,0,787.622999999905,0,0,2670369.1033833334,0.0,0,13806.719728333337,0,0.0,0,64604.461233333335,4787874.757946666,0.0,67134.09088500001,144747.32004999998,11887.990080000003,0.0,0,3338450.385635,57325.91761666666,51076.20516666677,14388584.698281666,544622.4828333333,44842.58370000002,172731.74599999993,69093.7693833333,3578747.0013816664,0.0,1195104.3264833335,371329.35199833335,17327279.656216666,719394.7465,0,2178203.681956666,0,0.0,8369.143954999992,18021.524383333315,10997611.6664,1236.1370183333347,12415376.9611,76249693.80123334,59143655.086333334,0,15545805.725966666,23031.67656666666,0,70758046.08157666,6507604.0743333325,16076.06530833333,14351.536966666652,0,0,373345779.97166663,0,607266705.2666667
Cl,Cl,"Chlorine, high",Grass,2,4085822.8068,0.0,1479.707866666664,0,0.0,0.0,0,28474.600266666675,0.0,9043855.2101,702698.278,13534783.500056667,115014.47183333326,1650820.90125,1255749.3718666667,0.0,24491.424799999993,0.0,1683474.9015,0.0,6245840.903026666,0.0,13190.043536666668,0,58356.199166666716,0,0,14116.385316666674,2163255.4068,20191.193166666548,0,254063.9046833333,0.0,0.0,1763.125073333329,0.0,0,0,0,0,8805174.148233332,0.0,0,21673.758543333337,0,0.0,0,68848.09143333335,16103912.495586667,0.0,37588.84925000002,158114.04394999996,554.3775699999969,0.0,8512.859343333337,16286367.7355,52336.54571666666,33966.59736666671,22781660.251371663,11391549.398183335,170731.89230000004,353771.645,46004.74613333332,14395755.464821666,0.0,9136567.147433333,1324378.2002483332,42450454.38256667,1140131.475,0,5109122.475406667,0,0.0,16170.310354999994,111897.56743333332,33110859.2209,8486.685973333333,35565394.9216,150496895.29123333,276079176.70733327,107439.15524999995,72718139.66496667,11347.621766666649,865537.7829999998,194766345.15807667,27705924.951333333,18058.48237833333,14824.68001666665,133247.81233333307,0,521676770.94666666,173131.238,1310871951.0416665
Cl,Cl,"Chlorine, high",Grass,3,368120.0758,0.0,0,0,0.0,0.0,0,38825.751366666664,0.0,2461156.8817999996,1267077.11,4436347.947096666,0,2346275.5121000004,371960.37576666666,0.0,0,0.0,854810.691,0.0,401396.1071266667,0.0,3021.064671666667,70733.92400000023,0,0,0,2859.666716666674,1403233.7543000001,55114.12766666664,0,294623.24673333333,0.0,0.0,0,0.0,0,0,0,0,1296786.7909333333,0.0,0,9806.294448333334,0,0.0,0,17036.92208333331,1836351.4077016667,0.0,17604.737900000015,151688.66844999994,0,0.0,0,2345459.9135499997,65137.75956666666,50044.81166666676,5707661.890986667,379659.91298333334,22708.353200000012,271712.0419999999,50600.70853333332,3033356.8774166666,0.0,3418024.714933333,162633.45954833334,10885815.593216667,330487.47199999995,0,1183679.720411667,0,0.0,0,20782.600783333306,8854484.4234,0,11099178.5191,58384749.38623333,76729017.32883333,0,11297044.308466665,11643.306366666642,0,52639055.017576665,6024869.423333333,16449.667468333333,1407.2275166666514,22056.488833333133,0,218972397.31166667,0,410746135.01166666
Cl,Cl,"Chlorine, high",Nettle,1,0,0.0,0,0,0.0,0.0,0,29994.388016666693,0.0,436993.7157366667,13459695.5,0,0,67720.76833333336,1958382.6283333332,0.0,0,0.0,18275561.0,0.0,176745.25541333336,0.0,19760.545898333337,99019.32516666641,212060.79856666678,9227664.657583334,0,0,9128793.741866667,0,0,203236.03048333334,0.0,0.0,0,0.0,389.04083333327435,0,0,0,9839.7586499998,0.0,0,17000.802383333314,0,0.0,205496.52183333336,0,0,0.0,5156132.621133333,65173.14981666661,44263.369900000005,0.0,0,2382003.5502333334,47071.51696666666,0,1835892.9813333338,1339646.78675,0,112343.81366666663,34916.92633333334,3181331.9683666667,0.0,18756045.661826666,0,1809506.8376666668,100263206.09766667,3133404.051666666,1634553.4278833333,16708736.26666667,0.0,96961.93414999999,82075.755,59952502.31436667,0,128441105.86903334,2871583.5076833335,92600973.21620001,0,30992267.289133333,0,0,29973923.364686668,2703352.115666667,18949.414745000002,0,10198464.227666665,2421907.9783333335,369088213.10033333,0,244303778.217
Cl,Cl,"Chlorine, high",Nettle,2,0,0.0,0,0,0.0,0.0,0,20974.52956666668,0.0,0,10166751.22,0,0,7513266.7173833335,1724567.4308333334,0.0,0,0.0,10933919.145,0.0,0,0.0,22199.86728833334,204362.04766666645,160182.3775666667,4278958.944533333,0,0,9395620.350366667,0,0,202893.67448333337,0.0,0.0,0,0.0,0,0,0,0,20402.26394999976,0.0,0,1051.8172733333122,0,0.0,0,0,0,0.0,4940894.168133333,71269.88436666667,0,0.0,928.9746516666637,3809475.694133333,48388.32896666665,0,1803681.2821833338,310101.09089999995,0,274415.1066666667,32420.455083333334,3383994.936866667,0.0,25995282.78832667,0,265920.63086666673,25277398.74766667,2718087.926666666,597304.6595833334,1426180.4156666668,0.0,214907.90554999997,579485.2037,76873358.59136666,18630.88783666667,172680774.39903334,1288022.5058333334,161090942.69120002,0,48324221.90913333,16033.674849999981,0,34928503.73968667,2418437.660166667,29772.8626,6789.538300000015,20544672.009166665,558632.3793333333,256829792.85033333,0,161719254.802
Cl,Cl,"Chlorine, high",Nettle,3,0,0.0,0,0,0.0,0.0,28719.150266666657,0,0.0,351011.1204666667,10493544.505,0,0,2048458.6466833332,2662636.4508333337,0.0,0,0.0,10706009.095,0.0,19831.174638333337,0.0,320.42889833333174,0,43723.157066666754,11266704.735733332,0,0,11297101.491366666,0,0,93730.63168333331,0.0,0.0,0,0.0,0,0,0,0,0,0.0,0,0,0,0.0,0,0,0,0.0,4577036.1351333335,59002.69361666666,37766.55295000001,0.0,0,3605886.8161333334,14257.958616666656,0,6480006.089783334,1913676.439,0,58471.61716666666,22467.077183333342,5096013.3653666675,0.0,17186209.044326667,0,2085244.9737666668,15548597.382666666,2120299.201666666,816986.1224833333,10198332.605666667,0.0,1028335.20485,1249882.84805,49793956.10636667,32964.05410666666,145314881.82403332,3675510.820833334,153174638.37620002,0,40326484.34413333,0,0,149256997.55468667,2502914.183166667,14087.145025000003,0,5730231.999666666,1131169.7488333334,355519163.5503334,0,210268153.217
Cl,Cl,"Chlorine, high",Nettle,4,0.0,0.0,0.0,0.0,0.0,0.0,0.0,0.0,0.0,0.0,0.0,0.0,0.0,0.0,0.0,0.0,0.0,0.0,0.0,0.0,19839316.53,0.0,20046520.12,0.0,21782211.0,13391232.57,0.0,22504546.12,0.0,0.0,0.0,0.0,0.0,0.0,0.0,0.0,0.0,0.0,0.0,0.0,34269397.05,0.0,0.0,0.0,0.0,0.0,0.0,0.0,0.0,12891278.08,10645644.77,0.0,26518340.03,0.0,0.0,9009076.209,0.0,0.0,0.0,117546447.3,120285397.3,47866968.68,0.0,143384776.5,0.0,48936080.9,0.0,0.0,0.0,0.0,212029676.6,119825981.5,0.0,0.0,0.0,44312832.11,0.0,31576731.98,231875211.8,294032100.8,0.0,170408233.9,454084956.8,0.0,512563046.2,654846898.2,800339658.1,129735459.5,1104527898.0,0.0,534181472.2,0.0,1314552815.0
Cl,Cl,"Chlorine, high",Nettle,5,0.0,0.0,0.0,0.0,0.0,0.0,0.0,0.0,0.0,0.0,0.0,0.0,0.0,0.0,0.0,0.0,0.0,0.0,0.0,0.0,14205411.91,0.0,15706369.44,0.0,18715852.18,9412427.727,0.0,13688662.74,0.0,0.0,0.0,0.0,0.0,0.0,0.0,0.0,0.0,0.0,0.0,0.0,13701451.33,0.0,0.0,0.0,0.0,0.0,0.0,0.0,0.0,54183403.87,8482116.692,0.0,12160756.51,0.0,0.0,11170209.8,0.0,0.0,0.0,41705869.8,30280340.2,131053431.2,0.0,141615883.5,0.0,0.0,0.0,0.0,0.0,0.0,36479905.93,233910853.5,0.0,0.0,0.0,33927854.52,0.0,20018432.08,77933909.07,200253026.2,0.0,101997947.0,532017419.9,0.0,624816216.7,297164149.4,646593846.1,954105856.7,420237360.9,0.0,104056581.7,0.0,362019556.0
Cl,Cl,"Chlorine, high",Nettle,6,0.0,0.0,0.0,0.0,0.0,0.0,0.0,0.0,0.0,0.0,0.0,0.0,0.0,0.0,0.0,0.0,0.0,0.0,0.0,0.0,18421309.91,0.0,14798166.03,0.0,15722075.51,9537701.761,0.0,10349855.19,0.0,0.0,0.0,0.0,0.0,0.0,0.0,0.0,0.0,0.0,0.0,0.0,14443345.19,0.0,0.0,0.0,0.0,0.0,0.0,0.0,0.0,25759733.5,5741840.76,0.0,23715597.09,0.0,0.0,7382397.14,0.0,0.0,0.0,31372506.45,45267245.13,76671535.47,0.0,87727985.34,0.0,31547105.4,0.0,0.0,0.0,0.0,24836708.69,177218630.2,0.0,0.0,0.0,91998872.81,0.0,48260001.18,81501380.78,157991851.7,0.0,0.0,344831978.4,0.0,423256286.2,226914511.0,510704241.2,204319642.2,658639596.4,0.0,215067672.3,0.0,533267179.4
Cl,Cl,"Chlorine, long",Euonymus,4,0,2548145.232,0,0,67397.20019,4977293.623,469713.3886666667,375118.03506666666,180867.3576,2868844.4722,178337.3649,0,0.0,0.0,5617.368700000006,0.0,0.0,737587.4002,0.0,1730719.622,477405.25870666665,6871412.379,45.11732666667376,0,0,0,3649238.874933333,0,1754585.5880666666,0,0,0,0.0,2192686.499,0.0,0.0,0.0,0.0,0.0,0.0,0,0.0,0.0,0,0,0.0,0,0.0,287642.30395000003,0.0,0,81995.21246666665,818875.7711066667,0.0,2443.37690333333,4085853.647533334,21552.442233333335,40944187.819299996,28804019.735333335,4544373.429699999,6851.602033333329,0,371562.48306,13441012.214766668,0.0,5723699.01633,6513264.73266,15167651.859933332,0,0,1377446.2805433334,0,0.0,0.0,176825373.26666665,24086400.3375,308489.52755666664,38999077.34833334,43927435.97763333,118680586.45033334,0.0,59529723.8439,766.1839333333483,0.0,173311738.27477333,642044.5495666665,22936.701493333338,0,0,0,495729809.90166664,0.0,379171124.9350334
Cl,Cl,"Chlorine, long",Euonymus,5,0,567985.4197,0,0,74130.70164,11813887.36,72332.17636666668,161652.9856666667,302120.4406,2201199.9002,167846.664,0,0.0,0.0,70291.4416,0.0,0.0,794590.2082,0.0,833752.7088,63843.58490666667,3953968.462,1561.186296666674,0,0,0,4531540.018933333,0,1805495.9180666667,0,23802232.898000002,0,0.0,603887.0909,0.0,0.0,0.0,0.0,0.0,0.0,0,0.0,0.0,0,0,0.0,0,0.0,65458.71764999999,0.0,0,187259.47036666662,2373.6426566666632,0.0,7939.51186333334,3607770.1505333334,33965.79223333334,20876643.3993,20088405.845333334,3339998.4217000003,34016.80383333334,0,365362.91416000004,11981025.044766668,0.0,5401998.31633,1757444.03466,9929463.089933332,0,0,880005.7850433334,0,0.0,0.0,101194271.76666665,24452551.6975,132101.27665666665,54802120.61833333,19279205.867633335,116198001.75033334,0.0,54235437.793900006,42619.59863333334,0.0,153016939.97477332,0,29505.591973333332,0,0,0,355043004.00166667,0.0,249779806.13503334
Cl,Cl,"Chlorine, long",Euonymus,6,1077788.2676,1362690.189,0,0,70039.07673,12104157.81,250491.74056666667,125382.55526666668,350887.8721,2197657.2792,137610.2361,83181.10823333333,0.0,0.0,557549.4035,0.0,0.0,726409.009,0.0,1479802.469,315489.42920666665,5615366.79,0,0,0,0,3397676.904933333,0,1117286.7010666667,0,5284427.524,0,0.0,994338.1757,0.0,0.0,0.0,0.0,0.0,0.0,0,0.0,0.0,0,0,0.0,0,0.0,447564.52375,0.0,0,11296.378366666671,774160.8944066667,0.0,9566.29364333333,3992344.4645333337,17222.313133333344,29635770.0293,24970798.945333336,3567745.7337,30427.643033333356,0,342485.10106,13069480.014766667,0.0,5485720.94533,3482698.76366,21758764.869933333,0,0,1445245.9645433333,0,0.0,0.0,308460853.3666667,23407133.8375,20154.125856666666,33709449.98833334,38146776.13763333,115376464.45033334,0.0,64967351.693900004,16259.20663333335,0.0,157134414.67477334,383883.80856666656,27514.514273333338,0,0,0,415901745.50166667,0.0,514506098.9350334
Cl,Cl,"Chlorine, long",Grass,4,5607224.1036,423959.3589,151250.39624666667,0,80277.24345,290164.3499,111733.48240000001,1782.65866666667,313285.0307,13020259.2018,665347.4615,4951652.531266667,0.0,0.0,1552278.1878666666,0.0,0.0,939102.098,0.0,11545686.88,19923210.917326666,9746180.477,1471415.1670166668,0,14089.434666666668,0,0,21172.858266666663,1044794.9818,0,0,0,0.0,5813991.983,0.0,0.0,0.0,0.0,0.0,0.0,23016955.607833333,0.0,0.0,34572.73739333333,0,0.0,0,0.0,52944650.82028666,0.0,0,370840.68749999994,78019.73269,0.0,21485.808483333327,45928939.2612,60099.41126666665,0,48726302.45166666,49493203.64893333,883127.882,0,746789.1024333334,17627007.280966666,0.0,17676352.59893333,173448167.18249667,114384605.86466667,0,0,11890531.513206666,0,0.0,0.0,274792.1288333333,78181733.8214,0,135961173.97910002,399103875.9212333,322578347.9673334,0.0,174577284.11696666,25127.075166666647,0.0,426952593.62757665,107389390.48833333,43870.98784333332,0,0,0,803143475.7516667,0.0,2690548594.6016665
Cl,Cl,"Chlorine, long",Grass,5,4253451.6986,412402.4168,93910.67354666666,0,73887.12446,279106.1972,86180.9076,0,230279.0439,12119201.9318,718282.901,3287977.884266667,0.0,0.0,1781740.2088666665,0.0,0.0,934961.3293,0.0,10860665.11,13201631.407326667,7036036.45,213430.67111666666,0,736344.5206666668,0,0,10936.455566666671,1112067.6608,0,0,0,0.0,5430715.23,0.0,0.0,0.0,0.0,0.0,0.0,19607863.647833332,0.0,0.0,21800.541693333333,0,0.0,0,0.0,50083891.65028667,0.0,0,381689.5042,395336.29718999995,0.0,13619.846343333338,80160574.8512,41088.80656666665,0,46561770.461666666,76440138.85893333,1017502.955,0,493667.81703333335,35965338.88096666,0.0,36014684.19893333,146411268.68249667,110272495.36466667,0,0,10425968.813206667,0,0.0,0.0,16874.427733333316,87680498.2114,0,161778786.1791,407524470.12123334,409438946.2673333,0.0,415588727.4169667,12156.191466666642,0.0,580347624.4275767,97638330.69833334,44091.328453333335,0,0,0,810388230.3516666,0.0,2596516692.6016665
Cl,Cl,"Chlorine, long",Grass,6,10194533.2896,439906.9954,0,0,67053.08614,244535.4879,85404.53410000002,0,328484.4526,10730756.071800001,399534.8909,3697246.445266667,0.0,0.0,1382405.5558666666,0.0,0.0,954709.3377,0.0,10305352.05,15181648.087326666,4767887.104,791459.5172166666,0,0,0,0,10175.43246666668,564955.371,0,0,0,0.0,3283771.138,0.0,0.0,0.0,0.0,0.0,0.0,16088563.457833335,0.0,0.0,16732.03429333333,0,0.0,0,0.0,52639244.65028667,0.0,0,476612.5447,69609.37799000001,0.0,10597.64655333334,28335284.9912,34360.65276666665,0,32821609.64166667,29701666.178933334,528249.6439,0,599838.2814333333,19484811.120966665,0.0,19534156.43893333,97662095.86249667,95876980.00466667,0,11386582.650000002,7687974.212206666,0,0.0,0.0,19052.387633333317,57403879.5414,0,67328794.7791,363943624.0212333,269807990.4673334,0.0,133025404.91696666,0,0.0,431515900.12757665,85312599.64833333,38313.690513333335,0,0,0,532920840.25166667,0.0,2280300113.6016665
Cl,Cl,"Chlorine, long",Nettle,4,0,321194.5593,0,0,4650113.754,201675.1969,12622219.267966667,4460061.235766666,2479827.051,2688818.9996666666,575941.8311,0,0.0,0.0,2953407.6568333334,0.0,0.0,14372397.65,0.0,5693115.346,4175143.1215033336,19935392.89,0,0,0,17334383.431333333,0,0,22682916.501366667,0,0,3798506.9747333336,0.0,5752854.174,0.0,0.0,0.0,0.0,0.0,0.0,5798677.487,0.0,0.0,22395.950133333317,0,0.0,3239796.6175333336,0.0,1059673.0882666667,0.0,0,0,30884798.6139,0.0,163990.02347666665,6899838.673633333,3885487.3642666666,8599128.399,105910245.64733334,6711853.7975,91942.25306666669,0,16410992.033133334,29843063.462366667,0.0,18447501.522826668,24243128.56410333,50323041.09066667,176927958.58766666,211255053.16333333,6469274.759633333,41922659.99566667,0.0,0.0,6449514.0857,42703652.801366664,1723017.2228866667,21996068.929033335,145482418.5833333,193911026.0762,0.0,129819439.50413334,0,0.0,342506981.05468667,31380983.185666665,47191.270950000006,0,0,4674110.998733333,1973550261.2003334,0.0,1406017219.967
Cl,Cl,"Chlorine, long",Nettle,5,0,548911.2632,0,0,11437871.01,304288.9408,3474551.3219666667,2566250.5887666666,1338600.535,1646179.3406666666,735006.9415,0,0.0,0.0,1208011.5718333335,0.0,0.0,10400865.34,0.0,19906871.24,7996307.953503333,18845745.54,186392.68958333333,0,0,21807287.491333332,0,0,11655362.991366666,0,0,930662.0227333333,0.0,7047200.604,0.0,0.0,0.0,0.0,0.0,0.0,15492203.098000001,0.0,0.0,0,0,0.0,10442491.906533333,0.0,1486563.3512666668,0.0,2698693.0436333334,540104.6562666667,66986362.433900006,0.0,0,11464731.236633334,1817708.6862666667,6136881.925,109552641.14733334,5664410.5795,407041.41116666666,0,37460945.54313333,29460409.852366664,0.0,14416104.442826666,68948307.18410333,176292132.29066667,76528365.17766666,2427775.253333334,6226339.093633333,42474803.825666666,0.0,0.0,13188033.7917,40274573.21136667,171300.41218666668,23208168.599033333,276498758.18333334,204141138.1762,0.0,220145609.80413333,0,0.0,348558153.05468667,46999727.66566667,20589.881260000002,160970.1997,0,0,1917476413.2003334,0.0,4416322973.967
Cl,Cl,"Chlorine, long",Nettle,6,0,490704.4472,0,0,2867493.981,289633.291,6997192.419966667,2394906.8307666667,1721436.245,1856391.9186666668,826949.8586,0,0.0,0.0,2094687.5048333332,0.0,0.0,15888749.33,0.0,18026479.82,3928963.2815033332,18918191.48,0,0,0,17240946.30133333,0,0,20204653.501366667,0,0,3022304.5287333336,0.0,7184186.083,0.0,0.0,0.0,0.0,0.0,0.0,6833962.193999999,0.0,0.0,0,0,0.0,10157106.236533333,0.0,903547.2482666667,0.0,627493.3894333333,316214.1845666666,43056557.403900005,0.0,85177.13107666666,4278449.578633333,2893677.8082666667,6183976.490999999,98384192.14733334,3425504.4565,0,0,22390712.503133334,22723677.502366666,0.0,11919993.572826667,43641517.064103335,166566118.79066667,32704774.167666666,1658351.1933333315,5213940.260633334,39893486.33566667,0.0,0.0,707714.6264000001,34126107.761366665,950586.9868866667,18394160.289033335,211600401.0833333,190354539.37620002,0.0,103221850.90413333,0,0.0,268393777.65468663,31523285.105666667,11521.491580000002,0,0,3344150.411733333,1666547209.2003334,0.0,4034894546.967
Cl,Cl,"Chlorine, short",Euonymus,1,0.0,697502.0858,20159.63025333333,0,0.0,170284.9518,0.0,35450.81856666667,1702284.174,0,0.0,0,0.0,0,0,14505286.56,0.0,0.0,0.0,0.0,34860.572106666674,77646.64214,2895.919336666673,0,0,0,7233.842333333334,0,54357.313466666674,0,0.0,547126.5803333332,0.0,161727.2943,0.0,0.0,0.0,0.0,0.0,0.0,0,0.0,0.0,4254.599833333326,0.0,0.0,0,0.0,0,0.0,9230.4847,677.5000666666892,3581975.7579066665,0.0,4559.50309333334,0,0,0,0,339450.66459999996,43562.48763333334,0,70113.78405999999,74223.18086666668,0.0,47717.83533,84623.01215999998,0.0,0,0,0,0,0.0,294758891.74733335,0,0,0,0,0,24595.387133333308,0.0,0,129804.47373333332,0.0,0,0,42031.596893333335,224887.56030000004,0,0,927320.3646666671,0.0,1894574.1040333332
Cl,Cl,"Chlorine, short",Euonymus,2,0.0,715964.2164,87046.31351333333,0,0.0,200001.2398,0.0,43720.98876666666,1212615.721,0,0.0,0,0.0,0,0,12570409.04,0.0,0.0,0.0,0.0,35418.67930666667,90150.38269,7119.890286666676,0,0,0,3246.479333333322,0,360416.8359666667,0,0.0,588660.2213333333,0.0,399634.8222,0.0,0.0,0.0,0.0,0.0,0.0,0,0.0,0.0,0,0.0,0.0,58763.404366666684,0.0,0,0.0,65380.16528999999,0,3909958.086906667,0.0,9641.175703333334,0,5148.156633333332,0,0,337331.22729999997,56276.75753333335,0,80834.11306000002,122688.22276666669,0.0,11258.084000000003,90204.40435999999,0.0,0,0,0,0,0.0,191130601.14733332,0,0,0,0,0,122640.2655333333,0.0,0,154185.83103333335,0.0,3639.297503333335,0,43059.53324333334,0,0,0,5636005.078666667,0.0,5534339.881033333
Cl,Cl,"Chlorine, short",Euonymus,3,0.0,289809.0408,28224.104613333337,0,0.0,162733.686,0.0,32888.96406666668,897143.0219,0,0.0,0,0.0,0,0,14731830.69,0.0,0.0,0.0,0.0,17046.59741666667,96181.55271,2960.022616666676,0,0,0,113482.91583333333,0,114773.31266666664,0,0.0,468690.10723333334,0.0,345310.8792,0.0,0.0,0.0,0.0,0.0,0.0,0,0.0,0.0,0,0.0,0.0,1100904.9601666667,0.0,0,0.0,0,0,3513394.9739066665,0.0,758.8646633333337,0,0,0,0,354894.484,56666.34903333333,0,52934.37396000001,87260.8123666667,0.0,23951.62305000001,96432.82905999999,0.0,0,0,14718.600603333332,0,0.0,136756159.44733334,0,888987.3225000001,0,3997465.821333333,0,11916.533733333315,0.0,491828.3265,9910.362533333333,0.0,0,0,39360.97793333334,15450.646000000037,0,0,0,0.0,9120468.635033334
Cl,Cl,"Chlorine, short",Euonymus,4,0.0,10353263.36,3685330.4958133334,0,0.0,0.0,16391.069466666697,12124.180066666668,1435613.83,1864.1747599999944,520549.352,0,0.0,1515341.4343666667,0,0.0,0,0.0,0.0,0.0,10124.355256666677,0.0,0,0,72928.35773333337,0,93379.96063333334,8139.633700000006,345302.2840666667,0,0.0,40096.18573333329,221048.6357,0.0,0,257956.1221,0,0,1366622.0579666663,0.0,0,0.0,0.0,0,1327430.3772,1092262.453,0,0.0,0,0.0,19563.59629,0,0,682010.6904,0,0,11747.256333333353,0,0,99658.11199999996,17375.08943333334,0,10024.94776000001,160318.23746666667,343697.1115,229031.95463,0.0,0.0,0,0.0,750419.6164433333,0,0.0,805204.8743333332,0,763367.2898,0,3250740.982333333,0,1900890.4593333332,0,563057.8672000001,12643.612033333338,0,2167513.7097733333,0,2355.3722333333353,0,0,0,15617762.751666667,32324963.556333333,8920755.346033333
Cl,Cl,"Chlorine, short",Euonymus,5,0.0,9980157.945,6462032.6378133325,0,0.0,0.0,29441.89506666668,37577.72786666667,1463355.521,22553.139909999998,413933.9467,0,0.0,1529631.8503666667,0,0.0,12927.27383333331,0.0,0.0,0.0,16144.000576666673,0.0,0,0,156820.5617333334,0,116807.63323333333,21638.656499999983,238686.87876666663,0,0.0,57194.26703333331,265245.8366,0.0,0,267456.2327,0,0,0,0.0,0,0.0,0.0,0,1365130.5522,1122854.316,0,0.0,0,0.0,25904.60759,0,0,773266.5681,0,0,37615.067433333345,0,0,106043.52149999997,56380.345433333336,0,26349.79396000001,468614.39436666673,403829.9694,509164.47193000006,0.0,0.0,0,0.0,800031.7923433334,0,0.0,43562040.917333335,185256519.76666665,1337391.3554999998,0,6891810.918333333,0,2865935.413333333,0,730429.7241000001,20114.97703333333,0,2827821.6877733334,0,4042.604973333335,0,0,0,17136919.25166667,27132617.466333333,10366237.475033334
Cl,Cl,"Chlorine, short",Euonymus,6,0.0,7526018.158,3837623.400813333,0,0.0,0.0,28637.82726666669,39866.04506666669,2082293.828,13236.536930000002,772249.0101,0,0.0,1096128.8763666668,0,0.0,6265.661933333322,0.0,0.0,0.0,14148.128186666669,0.0,0,0,1399.661633333424,0,110148.09473333333,33100.69649999999,597001.9421666666,0,0.0,62246.3759333333,261948.1203,0.0,0,275540.3959,0,0,0,0.0,0,0.0,0.0,0,1321934.3862,1116376.342,0,0.0,0,0.0,15092.726479999998,0,3889.9667766666535,737099.3585,0,0,44395.62803333334,122799.6263,0,89588.62969999993,60404.03423333334,0,27486.839860000007,790937.1704666667,391925.7802,801423.27093,0.0,0.0,0,0.0,793959.4611433333,0,0.0,7936114.187333332,0,1755162.7204999998,11770.515946666666,8286839.541333334,0,4085053.124333333,0,1143607.4289,37627.128933333326,0,3754606.1487733335,0,6020.646323333338,0,0,0,22688662.601666667,38133511.73633333,13929823.685033333
Cl,Cl,"Chlorine, short",Grass,1,0.0,393600.9752,10470959.934746666,0,0.0,204270.2253,0.0,69597.95656666666,2655803.29,4755547.2818,0.0,0,0.0,2642898.0891000004,0,2299832.391,0.0,0.0,0.0,0.0,351364.9987266667,190652.2712,17724.088776666664,0,0,0,59507.715533333336,415247.68196666666,2000107.0188000002,0,0.0,1300746.3665333334,0.0,2607340.328,0.0,0.0,0.0,0.0,0.0,0.0,130778.86283333332,0.0,0.0,449361.1314933333,0.0,0.0,1632539.4669000003,0.0,0,0.0,14308.277550000013,81330.30129999999,2229300.68179,0.0,0,1431811.2452000002,49409.31776666666,0,8288856.581666666,514233.42633333337,118658.00820000001,151313.60199999996,0,455733.23566666665,0.0,4352460.962933334,133818.11819666665,0.0,0,0,0,0,0.0,32115.815509999986,171794.25623333332,18395337.9714,2873.7816133333254,22933105.5691,626943.2742333335,45381866.53733333,0.0,5327591.4739666665,129948.24666666664,0.0,227273.50687666665,0,67996.41571333334,55113.20206666665,0,74819.40166666673,0,0.0,91195295.48166665
Cl,Cl,"Chlorine, short",Grass,2,0.0,975237.2998,313820.8586466667,0,0.0,210434.1844,0.0,48875.38736666666,2648118.501,7502449.4118,0.0,0,0.0,271059.07810000004,205425.45756666668,2461371.508,0.0,0.0,0.0,0.0,1172357.4873266667,1743686.62,45365.18707666666,0,0,0,0,3751.541066666672,1353532.3798,0,0.0,407153.10303333326,0.0,5184720.429,0.0,0.0,0.0,0.0,0.0,0.0,208950.76483333332,0.0,0.0,48200.46439333334,0.0,0.0,1762652.5939000002,0.0,0,0.0,1948727.34635,124993.90950000001,2413201.4397899997,0.0,0,4546221.8202,30823.219466666647,0,8352309.861666667,491215.4965333333,90925.84770000001,0,9854.920433333318,7289938.778966666,0.0,116542.55293333334,140127.66269666667,0.0,0,0,0,0,0.0,57471.14990999998,194370.74393333332,22454984.551400002,38931.12340333333,30205626.419099998,5281156.381233334,60172000.29733333,0.0,20982480.286966667,130162.03456666664,0.0,34019111.73757667,0,44604.13749333333,479717.80966666667,0,141002.8799666667,0,0.0,18837750.641666666
Cl,Cl,"Chlorine, short",Grass,3,0.0,850666.2172,469537.6235466667,0,0.0,234631.4762,0.0,56279.80906666667,1344656.766,6249148.4608,0.0,0,0.0,2913727.0571,0,2336478.88,0.0,0.0,0.0,0.0,798439.5545266666,1190075.731,41835.98066666666,0,0,0,0,14187.908966666684,1409912.5478,0,0.0,421122.9226333333,0.0,556921.8536,0.0,0.0,0.0,0.0,0.0,0.0,148512.80783333338,0.0,0.0,41906.26309333333,0.0,0.0,0,0.0,0,0.0,1445813.1453500001,0,2216204.03479,0.0,0,4086219.8212000006,49743.89296666665,0,6076897.082666666,508210.44683333335,133473.47780000002,0,10709.826233333326,6829370.271966666,0.0,1707716.4729333334,143847.09659666667,0.0,0,0,0,0,0.0,58290.43471,82142.87293333332,7667262.8914,30855.94510333333,26812500.6491,0,52700627.207333334,0.0,18406268.586966667,65292.203166666615,0.0,291101.9493766667,0,43154.19380333333,112159.57826666665,0,25022.793366666767,0,0.0,86830773.96166667
Cl,Cl,"Chlorine, short",Grass,4,0.0,1203212.645,3636770.2917466667,0,0.0,0.0,273.00950000001467,0,1027112.553,4504208.7998,3863554.039,0,0.0,713199.395,0,0.0,68387.43459999998,0.0,0.0,0.0,73523.99392666668,0.0,10885.806286666666,0,65851.73666666681,0,303407.48623333324,13557.915366666668,3562094.7928,0,0.0,48335.621333333314,244466.2848,0.0,0,253586.1808,0,0,0,0.0,0,0.0,0.0,23953.220993333336,0,1499942.077,0,0.0,0,0.0,16600.050250000015,0,93263.26329,990634.0038,0,727756.4747,9550.46576666666,0,18030410.441666666,209581.19853333337,9384.064600000012,0,0,9447447.650966667,331500.444,9496792.968933333,0.0,0.0,0,0.0,1009404.3322066667,0,0.0,14738.55150999999,8510.843133333314,14622035.8114,16409.193063333325,22385753.3091,5893454.884233333,33748376.957333334,0,8413252.809966667,0,461421.4219999998,49958634.88757667,0,9650.72010333333,0,0,0,268079530.1516667,4129679.575,114441746.20166665
Cl,Cl,"Chlorine, short",Grass,5,0.0,1175251.672,2265577.6327466667,0,0.0,0.0,2383.2539000000106,0,2596918.783,3556149.9998,3010027.965,0,0.0,662467.3757,0,0.0,72481.99939999997,0.0,0.0,0.0,24284.10832666667,0.0,14920.727756666667,0,0,0,253427.11523333334,7989.250166666679,2708568.7188,0,0.0,2075.2115333332913,256288.2562,0.0,0,238301.0747,0,0,0,0.0,0,0.0,0.0,12461.439093333334,0,1418348.124,0,0.0,0,0.0,30142.565250000014,0,6874.974679999999,929720.4681,0,1370105.2762000002,5665.626466666654,0,11112289.341666667,112452.31773333333,4264.0380000000005,0,0,9886098.390966667,333306.239,9935443.708933333,0.0,0.0,0,0.0,1015161.5302066668,0,0.0,4926.2677099999855,4943.83753333331,12844707.191399999,9203.940873333326,19081732.0891,5113970.007233333,26080130.447333332,0,5263570.036966667,1609.012066666619,1394363.3979999996,33898258.16757667,0,9020.495973333334,0,0,0,186906331.95166668,3356486.125,82978920.33166668
Cl,Cl,"Chlorine, short",Grass,6,0.0,1248775.607,1794469.1217466665,0,0.0,0.0,11647.650500000018,0,755617.4107,7804315.1958,5381503.731,10186.835666666651,0.0,786376.7841,0,0.0,72263.88990000001,0.0,0.0,0.0,627160.2902266667,0.0,5584.895946666664,0,57350.95166666666,0,219961.96453333335,18382.485366666675,5080044.4848,0,0.0,61077.17563333333,252096.202,0.0,0,270362.0968,0,0,0,0.0,0,0.0,0.0,29341.674393333335,0,1617635.646,0,0.0,0,0.0,23234.150450000016,17309.705299999972,3913.430939999991,1130404.409,2876.763983333338,3645142.5962,19587.603266666658,0,28542854.93166667,53773.149333333364,33432.62400000001,0,0,8001832.160966666,357375.2884,8051177.478933333,0.0,0.0,0,0.0,1052840.2892066666,0,0.0,22997.352209999983,15017.727833333309,22550531.961400002,13640.554563333339,30779354.6891,16942709.131233335,51958423.39733333,0,13352103.146966668,28054.28316666663,864034.0509999995,70689130.59757666,0,12245.88239333333,0,0,0,415533441.95166665,7117283.836,258553502.30166665
Cl,Cl,"Chlorine, short",Nettle,1,0.0,774012.5473,208968.66310666665,0,0.0,247438.3049,0.0,28066.33466666669,3202193.199,1068221.0846666666,0.0,0,0.0,2720126.531433333,0,2544576.986,0.0,0.0,0.0,0.0,0,676704.4792,3704.0993333333317,0,0,10662478.121333335,0,0,16150451.101366665,0,0.0,323099.7774333334,0.0,29884128.73,0.0,0.0,0.0,0.0,0.0,0.0,0,0.0,0.0,2285.2872333333216,0.0,0.0,0,0.0,0,0.0,197295.29983333335,0,3686927.4999,0.0,0,5212100.554633332,0,0,3497845.7193333334,589771.0859,71457.06956666664,687259.1546666666,26042.493233333327,789089.6204666666,0.0,10227331.742826667,128747.21180333332,0.0,0,0,0,0,0.0,1535464.6887,694583.1562000001,27791988.411366664,0,104132835.48903333,0,157405334.1762,0.0,27143605.04413333,166258.2633,0.0,819603.2225866667,0,55325.884470000005,220633.09749999997,0,0,0,0.0,68404675.647
Cl,Cl,"Chlorine, short",Nettle,2,0.0,2000922.882,200685.91760666668,0,0.0,235099.608,0.0,27958.19596666668,4205915.395,45015.917066666676,0.0,0,0.0,3048453.4424333335,0,2307080.317,0.0,0.0,0.0,0.0,0,512033.0887,9182.63913333333,0,0,6384548.147333333,0,0,13347727.031366665,0,0.0,231407.6090333333,0.0,23284409.38,0.0,0.0,0.0,0.0,0.0,0.0,0,0.0,0.0,0,0.0,0.0,0,0.0,0,0.0,268702.77153333335,0,2390476.8709,0.0,0,6995960.1636333335,2446.840366666642,0,963348.2543333336,552996.2906,71296.63686666664,168965.4206666667,29641.26593333333,19195733.992366664,0.0,8258310.842826667,149146.94790333335,0.0,0,0,0,0,0.0,876353.6237,65739.1515,62254293.49136666,0,158162333.18903333,0,162619642.4762,0.0,32626635.764133334,115598.60559999995,0.0,621046.5189866667,0,42695.183170000004,1142375.1427,0,0,0,0.0,46162470.557000004
Cl,Cl,"Chlorine, short",Nettle,3,0.0,1007278.167,117494.09070666667,0,0.0,214140.6841,0.0,29585.285866666673,2267757.934,290531.73106666666,0.0,0,0.0,14028787.043433333,0,2344091.617,0.0,0.0,0.0,0.0,744.8111033333262,286096.5406,7060.857203333333,0,0,0,0,0,7814607.531366667,0,0.0,305872.3688333333,0.0,13260367.07,0.0,0.0,0.0,0.0,0.0,0.0,0,0.0,0.0,0,0.0,0.0,0,0.0,0,0.0,58935610.345633335,0,1654942.3309000002,0.0,0,4929991.180633333,14693.949066666653,0,0,497854.14559999993,84370.84336666667,0,36652.54613333334,16982480.722366665,0.0,6420459.947826667,161161.4383033333,0.0,0,0,626973.3683333333,0,0.0,598608.5207,79062.99909999999,60100037.70136666,2236.8253866666637,122738249.78903332,0,109823058.67619999,0.0,57104743.91413333,70931.90289999999,0.0,267482.01578666666,0,56114.230630000005,1120219.6307,0,0,0,0.0,30667477.507
Cl,Cl,"Chlorine, short",Nettle,4,0.0,707292.9349,405697.2831066667,0,0.0,0.0,51214.69546666666,0,7962158.454,337896.5379666667,10694289.41,0,0.0,3109595.5274333335,0,0.0,0,0.0,0.0,0.0,0,0.0,0,0,85404.63106666668,3316471.845333333,18886.521399999998,0,10467896.401366666,0,0.0,0,209815.7099,0.0,0,413192.7503,0,0,0,0.0,0,0.0,0.0,0,642749.2124666667,1950148.972,0,0.0,0,0.0,4953587.1636333335,0,0,67005573.11,0,3784474.743633333,0,0,13672417.157333335,0,0,0,0,49754070.01236667,488703.3583,49868065.75282667,0.0,0.0,58736830.07766667,0.0,784897.3349333333,0,0.0,194479.73079999996,272173.5385,123896229.61136666,0,319447223.28903335,761576.0283333336,269335962.2762,0,103102524.80413334,0,25074401.25963334,196298112.65468666,0,8554.52089,0,5343958.219666665,0,255516370.30033332,86362945.73166667,164306974.26700002
Cl,Cl,"Chlorine, short",Nettle,5,0.0,1345153.925,3281604.482706667,0,0.0,0.0,7271.371666666644,0,3765667.163,248747.3493666667,12667987.18,0,0.0,781097.7604333332,0,0.0,6408.84136666666,0.0,0.0,0.0,0,0.0,0,0,255141.64206666662,1229305.588333333,39807.8621,0,12441594.171366666,0,0.0,0,211363.7548,0.0,0,343699.1433,0,0,0,0.0,0,0.0,0.0,0,1910112.2723666665,1696463.684,0,0.0,0,0.0,6008365.046633333,0,0,27941460.57,6410.462076666663,17332405.41663333,0,0,8569609.967333334,58746.08879999997,0,0,0,67916452.24236666,415328.6307,68030447.98282667,0.0,0.0,25599300.68766667,0.0,825091.2437333333,0,0.0,364250.4186,178955.58349999998,209889550.21136665,3778.485386666667,276426316.6890333,0,297984407.67620003,0,107925659.40413333,0,20187530.90963333,223549440.75468665,0,14352.32946,0,6167698.3056666665,0,158174168.90033332,84629128.66166666,129158298.467
Cl,Cl,"Chlorine, short",Nettle,6,0.0,1274742.185,3966938.2287066667,0,0.0,0.0,0,0,13257924.93,440944.8612666667,8684709.606,0,0.0,718551.1746333333,0,0.0,0,0.0,0.0,0.0,0,0.0,0,0,66642.36706666672,1662028.450333333,17957.99859999999,0,8458316.597366666,0,0.0,0,201429.4282,0.0,0,333414.6836,0,0,0,0.0,0,0.0,0.0,0,1795232.1923666666,1595867.981,0,0.0,0,0.0,3593452.0946333334,0,0,30373337.59,0,9906834.066633334,0,0,11945378.417333335,690360.4254999999,0,0,0,49661488.70236667,380646.8184,49775484.44282667,0.0,0.0,73343740.61766666,0.0,793137.2006333333,0,0.0,346433.7511,330134.5738,162698554.51136667,0,211803674.28903335,536980.0503333334,174449672.6762,0,61066525.014133334,0,20667001.809633337,154429832.65468666,0,0,0,2048687.322666666,0,192920330.90033332,35547505.791666664,152546281.76700002
